t,x1,x2
0,0.03381320808690175,-0.9206778158705237
0,1.0437363145229261,-0.23805538766462198
0,0.8949063336557052,-0.3051473960610932
0,0.4755931780486983,0.7756490613083862
0,0.3944124291254519,0.12210151892610338
0,-1.2803002037459654,-0.08777435227698227
0,-0.1888150165375071,0.38934511877658606
0,0.0014404447754258615,0.24731471355293216
0,-0.5703234423052547,-0.8294926680069432
0,-0.23257933939515749,-0.23455789328419735
0,-0.49873864502669213,0.05980553995136326
0,0.43815207453475913,0.6789132569625298
0,-1.1539311083234698,0.17026438479277994
0,-0.2663341770385646,1.0584865750994772
0,-0.5552485185102937,0.8381866192660876
0,-0.48531373899522223,-0.12592091845137005
0,0.8367147433615822,-0.2682278940477312
0,-0.6798336769736492,-0.36574441245879996
0,-0.27679858302021826,0.8529775612712183
0,-0.6384277796543886,0.6339186934540345
0,1.1170340280781577,0.1346994526026743
0,-0.04561774453956979,-0.909036886250735
0,0.03254530586473059,0.41962462314953064
0,-0.4001149004801198,0.11869968139823081
0,0.03676612787993705,-1.0534013409096992
0,0.8511803285069829,-0.3944083876754523
0,0.1714644038238392,-0.8057481371849284
0,0.07936548832913537,0.6497623463231866
0,-0.8112930635895212,-0.23024066112206026
0,-0.14360349566902975,1.240419105426173
0,1.2138512144369837,-0.16642715020075627
0,0.6937105930260352,0.7131007951236047
0,-0.04277835467480018,-1.1892643734071484
0,-0.55876512134806,-0.1345349981296523
0,0.9517333723474495,0.397744588580911
0,0.9038183224177246,0.3473195399672988
0,0.019686046130773127,0.18047686401584373
0,-1.2955894205944396,-0.05935413018608382
0,-0.02568451011429862,-1.1571712963417884
0,0.19425202639498573,0.5965178508166726
0,-0.23945963933435463,0.6797056829563846
0,-0.32636814253435803,0.8971774669171022
0,0.12079745102093775,0.923994592337942
0,0.5552274357029956,0.31362704254913654
0,-0.7809947714149001,-0.19584472087924815
0,0.627437701972283,0.25650066738519667
0,0.37582610792986476,-0.3668250600338817
0,-0.7435491158813113,-0.37865638320384276
0,-0.07425377914614595,1.3388219972011377
0,0.43924938050487167,-0.7687134245936167
0,0.12027802534286075,-1.0680637655782197
0,-0.7704787550933596,-0.6161241861980064
0,0.7097088769657318,-0.1026012943775711
0,0.29403806472313787,-0.5862022761339559
0,0.24718544525244618,0.3360119445843277
0,0.04939236361210608,1.1727622683207508
0,0.31994031554538704,-0.09309610864846721
0,-0.5965721087224253,0.5358237631188119
0,-0.3366216383340701,0.7117867603764577
0,-0.722315534323175,0.3803351046386203
0,-0.5881543164821379,0.6329749498345257
0,-0.04378939717662042,0.5048767895756368
0,0.4966117458225926,-0.07796004869013129
0,-0.28794078890933605,-0.07892305409429615
0,-0.9325175476309066,-0.0713955946225237
0,-0.23231793519935945,0.8901439737382004
0,0.4753828102144215,0.6578563150784483
0,0.11836159801775822,0.35192205418775113
0,0.16917886859299858,1.0909562265292119
0,0.03179822692176698,0.054007250342643545
0,0.6389618839609061,-0.7341899802710313
0,1.1168678836469215,0.2905463218497201
0,-0.4494562380191525,-0.09197826075557378
0,-1.0151509114327972,-0.04314773114063264
0,-0.46291281486822927,-0.0657470762716941
0,-1.0414919939750327,0.3153986573940524
0,0.3174643937199877,0.7970696012954323
0,-0.8755543634163052,0.02313029579871967
0,0.46233138795769074,0.6833924159498163
0,0.8107201247668232,0.6030457544120598
0,0.23706525580486437,-0.8315311184952556
0,0.3439887022539933,0.4163193609544885
0,0.9615248995504524,0.16724914723503664
0,-0.4937974373563865,0.7700910050944001
0,-0.08998329597730886,0.7189871066418021
0,0.3894425015878394,0.9275600606155667
0,0.021608176648797273,-0.6685634748040246
0,-0.2332228928900861,-0.13505866302583103
0,-0.638458874614065,0.5890432590592918
0,0.1944216396908096,-0.9060634729094321
0,1.1732209259973783,-0.21501419992473697
0,0.6532471923162564,-0.6809275274365497
0,-0.2195957639323476,-0.5732298455369423
0,-0.8764673014488711,-0.4029184404246289
0,-0.2862836071442165,-0.46754207981764107
0,0.025233233710609926,-0.4153921494535449
0,0.16090326593922888,-0.6165803191216025
0,0.13527422141904133,0.9690592246928906
0,0.21590587198155003,1.0511800165326384
0,-0.6347543430402356,0.35461089331764184
0,-0.010812288627456978,-0.6790815947490535
0,1.0267931459730844,0.20398382783703728
0,0.42750838235016386,-0.16001457432536242
0,-0.7623553178320397,-0.5690386806896224
0,-0.6391739678199109,-0.07430743109570126
0,0.10913176250881583,-0.23794127962691178
0,0.5714115544114449,0.3906674845742997
0,0.07708961230881184,0.7769328805751509
0,-0.18656224094008078,0.7666308115887204
0,-0.4964040862362946,0.5070267818090626
0,1.1686208470476054,-0.01745200287189863
0,0.10893111299628183,-0.9361755982576132
0,-0.7309657228000688,0.3453676963447413
0,0.2251943025533878,-1.0636843738079573
0,0.17323064412570355,0.7219825930026212
0,0.45276551005566446,0.41780433757963703
0,0.5772449319476713,0.07347832585811886
0,-0.9147123247815523,-0.17978599984260513
0,0.5316206590167539,0.03986271679033493
0,-0.5624751038577191,0.6181487020926432
0,0.24214555639934687,0.38344334882165104
0,-0.3136757523735155,-0.31425009110349494
0,-0.34006071915310204,-0.9487698114338717
0,-0.9841677225822607,0.2782362859896501
0,-0.8539764651690447,0.2693426651639159
0,-0.971744146341091,0.06163665984686373
0,-0.11542113650715623,0.16468373307461884
0,-0.23738672265337019,-0.24730500598553043
0,-0.9000885649796957,-0.1952699891147921
0,-0.8888174867492318,-0.02385097829559285
0,-0.06369356974808327,1.3350357414750462
0,-0.5499917991095491,-0.4157032511272395
0,0.43692034953851344,-0.7890554277569628
0,-0.33142386071888463,0.1894655717881834
0,-1.017643268203704,0.10421657213778956
0,-0.5760951591307766,-0.19511533579160753
0,-0.41713814497437063,0.6054247229245981
0,-0.17091032645034582,0.29308529191246774
0,-0.6435877624431867,0.5975844571703058
0,0.6325286398677287,0.7675877209507818
0,0.6910920557660408,-0.550174965998192
0,0.7448242892539623,0.14958717779314273
0,-0.24594523928619239,0.27212499129578444
0,-0.7510473469569552,-0.01625006504235621
0,-0.19942397556924857,1.0447975869075128
0,0.053659400455697004,0.4428017641544689
0,-0.05858018530460102,0.555413462271392
0,0.7815513390240437,-0.1491352649782679
0,0.1746504054146487,0.9416004974887637
0,0.9855404092407423,-0.2522041558122505
0,0.19402385538241074,-0.5480506036450322
0,-1.047412739875985,0.05923873457624301
0,-0.14981667139882396,0.43456452108221644
0,0.3886347782210404,0.025293439369793086
0,0.2642375448023397,0.5243948650898523
0,0.20013030427909578,-0.1256103922587015
0,-0.396020317656769,-0.46635337353602363
0,-0.6242444759065616,0.7223597365966887
0,0.0068488365397058465,0.17445395425150317
0,0.7994993496274256,-0.45921376181730106
0,0.4338622837138602,-0.5187686640430272
0,-0.3965369045409487,0.11664803656149955
0,-0.9235436620443539,0.055594078807771896
0,-0.1512918866725228,0.017200477396170116
0,0.6228371662336732,0.26528238352733535
0,-0.22672586701164182,-0.5763477035781139
0,0.6699609441153729,-0.05574862341831416
0,0.49841309428912195,0.12463513647838087
0,-1.1402174124124795,0.1237155670581257
0,-0.35887451521321845,0.5470284827896463
0,-0.7977376833145534,-0.31833933944746406
0,-0.83748138719427,-0.5013201027045215
0,-0.16626475440312555,1.0189257330163575
0,0.3102027661891017,0.5962728487650296
0,-0.028723410409377426,1.2537560090377586
0,0.7043440111539969,-0.1275259671048729
0,0.24631172798950826,-0.23671540691495943
0,-0.0248062015000714,-1.2966222933574085
0,-0.5200779684848434,-0.14897258787600048
0,0.5095831222362378,-0.338868709064254
0,-0.36154308844811783,-0.16260294357727512
0,0.0568945508639096,1.272774178016127
0,-0.9080199361789785,0.4452455986218277
0,0.6161049896213947,-0.7113657773148354
0,-0.8298457250872601,-0.47169440792278244
0,0.41345832059927845,0.5941682435302267
0,-0.4963418530324,0.4714087641099737
0,-0.30911698792501074,0.29545266772023676
0,0.6892507366808166,-0.468655766505304
0,0.3636213628680779,-0.6502433338619664
0,-0.10800159618286506,0.3677798815083342
0,0.3315625189336421,0.9159794146204021
0,-0.1759626101662296,1.1375239735778726
0,0.5853899489897639,-0.6993891017580229
0,-0.887551114490911,0.41596226750924603
0,1.0777864310473884,-0.021915716156777343
0,0.611388576929109,0.1316196909228173
0,-0.6444384279186163,0.5042448587860948
0,0.8429439808844706,-0.4146904389163104
0,-0.25613135382909374,-0.8385139120602394
0,-1.0502502908686298,-0.09965430236106415
0,-0.02005221481854702,-1.3486568706146471
0,0.7032292778848896,0.1664966455146361
0,0.49165285128319836,0.2768981964453786
0,-0.227961474614011,-0.6775543174993174
0,-0.025391500901412456,0.5144073694090261
0,1.1557205368581258,0.13277036722580016
0,-0.810586982481388,0.24715213642444328
0,-0.02029299832926687,0.2876311979897502
0,0.02744920689987832,0.0452893388210263
0,0.03024313273076981,0.4944336337053612
0,0.2037801269756353,0.3940103164225087
0,-0.476960764598561,-0.5114983981204868
0,-1.132509768246996,0.15896341510039247
0,0.3965747219835251,-0.9821021358497379
0,-0.17815077319930106,0.12886624182626943
0,0.740720783966254,-0.10914490285034978
0,0.18424608016751726,0.36235420642545524
0,0.5408447182350904,-0.817259911779158
0,-0.04912461844379176,-0.5475463105944198
0,-0.1746922557577355,-0.4964083044476486
0,-0.03081226165047324,-0.6859510195764811
0,0.2729732063038804,0.34800637787277067
0,-1.0127420049106797,-0.23477749433150052
0,-0.37805236912492535,0.8297162069987921
0,0.6689111545243974,0.18967148636028566
0,0.01907453032134404,-0.7403996194600155
0,-0.8948271782992757,0.3479046312977499
0,0.11477048936812617,-0.8231235858202786
0,0.8014783618693949,0.31147843373816775
0,-0.5181872985528,0.8208867037533872
0,-1.0752489541900745,-0.20043672983502075
0,-0.6731961810525255,0.7275719041017851
0,-1.1758340724892324,0.2153309950661365
0,1.2918911349518574,-0.007129374589840087
0,0.194198391636619,0.8364549303809621
0,-0.17128727509314284,0.9654198278408724
0,-0.027612516702032353,1.2860284150370367
0,-0.10487967972489934,-0.5782799625913554
0,-0.02121904118218068,-0.22982962058092543
0,-0.21096805255276027,0.3062369385453323
0,0.01216379310903648,1.2782141647709775
0,-0.0895650048082845,-0.9161147184352464
0,-0.5414208525497815,0.2710909854694633
0,-0.030032304182309122,0.4736451819680959
0,0.8104469420975111,0.06903769286283168
0,-0.40886450144144226,0.6935469627600136
0,-0.8801081677615963,-0.4411634989230622
0,-0.6897154102807478,-0.6301525144361003
0,0.20249942722852726,-0.9409832615783513
0,-0.8313127501006647,0.5523296781024617
0,1.2380842019907004,-0.08440697556576215
0,0.6273985856590496,0.5988477430210144
0,0.7065778336963959,-0.6225160450824739
0,0.37878753164907597,0.36997674213229464
0,1.1061611657234345,-0.16075519987751752
0,1.3509447419772262,-0.0607140405336426
0,-0.07174249800294935,0.8650682680444567
0,0.32077524128060353,0.6175714409514902
0,0.8524128239221558,0.5183583534453363
0,0.5204887081305487,-0.8182568550041783
0,0.38683987669669584,0.870900996759694
0,0.8633514095387511,0.4851949529409714
0,-0.759106683028229,-0.525246533727366
0,0.447999664549599,0.8689422897569882
0,0.1731013111378782,-1.009821503534865
0,0.07391481714059644,1.0549684630272587
0,0.27529682092959323,-1.119272340881217
0,0.9665186361924027,-0.22487775426905843
0,-0.6360707763102401,0.40507856163443123
0,0.4497676727029199,0.3685406760299955
0,-0.3819149060358572,0.9047421089703493
0,0.28133867270413127,0.3646870505882172
0,0.7951094240359969,0.009977147735159675
0,-0.1964195750201181,0.6999395392674641
0,-0.6143484229997956,0.24166637259873527
0,0.316344945283596,0.24247678327266226
0,-0.5593618653568491,-0.7131172013462445
0,-0.8117307510359179,-0.26828708183543587
0,-0.7804695133051038,0.15986324219474113
0,-0.5014130839104345,0.5762423016982239
0,0.02491152980635969,-1.3275194190093544
0,-0.4558775946831111,-0.6288914424788647
0,1.3735760426296848,-0.009558823866320676
0,-0.5806465324565474,-0.4794731262538268
0,0.18645873314412273,-0.47772011397164965
0,0.024944989491767156,-0.751930758195193
0,1.0892532719722903,0.21050032699659765
0,-0.8005795265759909,0.47270747134571334
0,0.2678675121577746,0.14601987945054823
0,1.1073254339926937,0.014236206840564036
0,0.6267876352871826,-0.5759042725863651
0,-0.3181582049572528,0.9732949320504469
0,-0.2330552309218623,1.0798309035950817
0,-0.3061578994534743,0.43967233432698527
0,0.24391155159224367,-0.44116012276669314
0,-0.9568860041178044,0.2556006753497887
0,-0.7899625417858038,-0.30732639120213767
0,0.6872565501189911,-0.36571711424793973
0,0.2130570948744778,0.2702245756806148
0,0.42650664811129635,0.02005131299632143
0,0.7813051686189472,0.09949013351030517
0,-0.045754546759481984,-1.2796567729275163
0,-0.8113684012619102,0.02884465873631531
0,-0.9434624661353274,-0.4374460417792982
0,0.30238669429122694,-0.7819749269376916
0,0.07048615322307895,-0.24665181264706942
0,-0.6085080322283939,0.5432728833111793
0,-1.0048111734601173,-0.3426449904685707
0,-0.3053386451671467,-0.504348103323219
0,0.34087393816253075,-0.7831997788039549
0,0.023447570409135088,-0.7315837545260024
0,0.5760503842833001,0.5738753405472072
0,0.9750659407033095,-0.14069148688062405
0,-0.4980236550211403,-0.18640513619804228
0,0.09732899336820439,0.13026346589828372
0,0.8934968170577976,0.40769814820452427
0,0.23917787469864743,0.4170954064582333
0,0.11300791115087816,0.691227410702732
0,0.5019251395345906,-0.1390315762721489
0,-0.19264034571848176,-0.7725430483911098
0,-0.41910136389653757,-0.6321951566611477
0,0.26961740356098596,0.15975709460794213
0,-0.5311139823983752,-0.31044929536861054
0,0.007135800963025796,0.9907857578099322
0,-0.30482797724865085,0.9647136425794836
0,0.4123577620035476,0.5265046757388507
0,-0.69019418538661,-0.2840642972161097
0,0.7372268408136335,0.04132458102219555
0,-0.7273583181140861,0.44913756927578496
0,0.9878146404691222,-0.16666164650879495
0,0.12987487567457856,-0.8300619074885334
0,0.6198383433936139,0.6897096355208558
0,-0.4617452121255706,-0.43726130626999327
0,1.1262752337573079,-0.18597603336274465
0,0.1838135644315131,-0.7987502627211027
0,-0.18072432347591139,-0.7028507057468549
0,-0.07113678890822761,0.18425718807896155
0,-0.20523391160662915,-0.008549605270445154
0,-0.40920284592068834,0.1417958997935933
0,0.9767759546784065,-0.2361476120180812
0,-0.6642429438026105,0.17566118400272437
0,0.21506645433822597,-0.44618999208380383
0,-0.11047783843271602,-0.08853014411928879
0,0.057385612619938964,0.6326268993081396
0,-0.41283487210290676,0.5164034098575782
0,-0.46695929717981677,0.9030976076270508
0,0.17203204430187669,0.8000798166324955
0,0.4136112048131735,0.5018434601923318
0,0.13079393355813285,-1.0812270268415296
0,-0.7169229188896176,0.6724194719995337
0,-0.23660297526768248,-0.1720469565849023
0,-0.31236643347400395,1.002435789942332
0,0.17187018407666688,-0.7991490331885276
0,-0.1421438276372733,0.6971788092641675
0,-0.31776329851097146,-0.23053798751860155
0,-0.7133367670852838,-0.5950651632319564
0,-0.5475617778692582,-0.6694125899635632
0,0.28552424798164605,1.126051970747505
0,-0.10300659874863288,-0.7433608358696544
0,0.6453107822706312,0.03183718736718383
0,0.5738686048055135,0.2814431675164735
0,-0.14892975539410613,0.37185001987218197
0,0.029585113116773254,1.2487141769683665
0,0.8292684011442826,0.44516129577853425
0,0.2661566802256015,0.8960320781603225
0,-0.4951071791361675,0.3538478266549381
0,-0.12452321034959916,-0.3111134392743385
0,-0.3209797728688509,1.0324379185614012
0,0.5150587752116934,0.12068956161121192
0,-0.6241920831251594,-0.7310473274236122
0,-0.2278739783366646,-0.6801864109053053
0,-0.5322206026454677,0.8187893032894851
0,-0.1757945235334842,0.09491249867427526
0,0.260401728828423,0.23595798696030074
0,-0.3101714635044685,1.0307844093271306
0,-0.8520715483416668,0.18580559151103682
0,-0.2546551535251749,0.2831416546528962
0,0.15441211758758855,-0.012971329138343202
0,-0.1340366680042519,-0.8451350646658944
0,0.3409179339818367,0.017499089370198367
0,-0.0838707174228432,0.1024678083832436
0,0.7751876720172073,0.28597779503245335
0,-0.35321378548150817,0.08654394547134059
0,-0.5751882737084093,0.22780874574002496
0,0.25727904864788376,-0.5959224632639184
0,-1.354999680612337,-0.0015241009543459638
0,-0.23642135799468958,-0.2693996400291746
0,-0.03646358800240748,-0.1910620032809008
0,-0.24845667202190522,0.74283109651693
0,-0.2968063886804385,-0.3950897050553497
0,-0.5900718053343278,0.5969884217158663
0,-0.5946688463233799,0.8062021961785533
0,-0.7546358708749297,0.20792548447010006
0,-0.21821739391921652,-0.8434825993041676
0,0.9201502799349629,-0.4914648539326709
0,0.5171042808071935,-0.16719364214343738
0,0.5755939847638885,0.0551104583587706
0,0.16828291363842632,0.6239820532378175
0,0.3505125155178749,-0.3891909294329549
0,-0.1581876986354908,-0.5459274073397974
0,0.31606827163836326,-0.27205695851100237
0,-0.18475535185110267,-0.3140826732103352
0,0.8237654950051553,-0.04382087986062888
0,0.9426903011439289,-0.30526323350131496
0,0.22794082580614383,1.0590158645845609
0,0.33190935094118246,-0.42009351035835785
0,-1.35214794415361,0.039373913163386454
0,-0.1319441351368439,-0.2974887618901617
0,-0.6213009767234607,0.06672861254801393
0,0.27068107632804744,-0.19180737353729638
0,-0.09377862103076984,-1.1472465407721089
0,-0.3043478040265796,-0.3933833536007473
0,0.4055553619805799,-0.5537198470857881
0,-0.14674141353661452,0.7214330020344004
0,0.2635193825259763,0.47959055580308535
0,0.11312647566452738,0.4607014875068631
0,0.5665564647302612,0.23686378601874317
0,0.6970176438945839,0.5110985038634368
0,0.11256129466176013,-0.4087612090642603
0,-0.25123365779419193,0.12305956468503505
0,0.25461904312571737,0.7631056044113225
0,0.645022962979102,-0.18170975442304238
0,-0.1573310344792267,0.7386724981736815
0,1.0071928927473994,-0.11477086818801319
0,0.6337442420899702,-0.6747845483233611
0,0.5368952409572609,-0.06053189087136915
0,-0.42085066532205573,-0.846002565516419
0,-0.07515681279098785,-0.9135637248311617
0,-1.1894066211102903,0.21553813518259846
0,0.2124718855612128,-0.07205206939453923
0,-0.5373195447321037,0.10735129637860877
0,1.0216141725036494,0.14847240606576917
0,0.8071057261528962,0.5225819132579296
0,1.048221051473315,0.15233506027841298
0,-0.4504297042894203,0.8697614598978122
0,-0.08670918076907064,1.2104760484666026
0,-0.012770756133611144,0.3405493945939011
0,0.78421447598709,-0.22806664891435674
0,-0.8449307446683816,-0.4311324003662767
0,0.5847249159319795,-0.22706271604491374
0,0.31090395911788915,0.6718377572916538
0,0.07749180937562035,0.23602860116650495
0,0.3944492700931437,-0.5073529196979024
0,-0.11885048297259981,-1.1904629906158364
0,0.9613375466679972,-0.12399113937752626
0,0.23841709085985255,0.20460922374142437
0,0.2998894104397449,0.23799701649436494
0,0.28330462558349845,-0.6868758210451122
0,-0.2789020519610458,-0.7928217804474396
0,1.05449199926161,0.34111122929009496
0,-0.16485195088749652,-0.5680449986591214
0,-0.6239651790289222,-0.5383037896725634
0,-0.685976306921841,-0.04850074941876992
0,0.0601569144236167,1.3386545235561884
0,0.04424343386928908,0.07521170713533328
0,0.48665390000855246,0.3965383752427675
0,0.17789914819005231,-0.15104389375417118
0,0.099275488790016,0.23068812508728276
0,0.15987030877427338,1.0479324007161688
0,0.6323316030811474,-0.5201241137761377
0,0.16060602874667812,-0.817643523842635
0,-0.6571917282785599,-0.6580169213276232
0,0.1181520664061651,-0.008521193709028506
0,0.1834890427859049,-0.8829304736116066
0,-0.7247440013282292,-0.6470157667011889
0,0.3560225710988585,0.8505848973886676
0,0.20317335979929563,1.2042847435693806
0,0.577864087644036,-0.5080855707228057
0,0.2915211952126737,-0.37106708311214137
0,-0.22412457181262518,-0.14054125815904453
0,0.7170841491055602,-0.6537674215850059
0,0.7572136217982295,0.20898217569068572
0,-0.3171377404863005,0.6785519796138569
0,-0.8071921746226474,-0.104805306730749
0,-0.43288995204772784,0.9355101276128645
0,-0.3185488822789012,1.0219418851730335
0,-0.21039930435694915,0.016325689092031054
0,-0.7056846389003021,0.6216393556690141
0,0.6782523110175739,0.6504110432604693
0,0.4134517387731815,-0.8876272464249467
0,-0.19370278192305979,-0.08227173780178569
0,0.3434373757249945,-0.8751327134610498
0,0.405579358203618,0.07820210326887364
0,0.022960496906633265,0.9602620043190018
0,-0.6888379877803996,-0.08786599874701728
0,0.5299306195362609,-0.18466446970907224
0,-0.6343418868136341,-0.7573422137166382
0,0.6268889570723561,-0.39134003880244533
0,-0.900869054585605,-0.15001897047484763
0,-0.18616992980220992,1.1086326785125153
0,0.4385110185163458,-0.14679609073496724
0,0.24831319979457422,-1.0663576309014768
0,-1.0694164572330882,-0.12761728743407874
0,0.5594386764140693,-0.014773631680674748
0,0.47518167085795565,0.8047828903604461
0,-0.2093409805465516,0.769053428028535
0,-0.28675980590656813,-0.6279914729398695
0,-0.4061425701618173,0.6334376854719682
0,0.6866937652465602,0.441057580284681
0,0.9412483982543886,0.03047767144348601
0,0.19418793470388956,-0.8854254117482154
0,1.1614518139056267,-0.13078482968109184
0,0.24826460753036178,0.8630115373569981
0,0.3723788585426832,0.8960476742604861
0,0.6377784160821639,-0.0139715097137586
0,0.3798526673967652,-0.6354729010153684
0,-0.7145796437989977,-0.03213871030667137
0,0.9117781818443975,0.2989766302912302
0,-0.45770920741756344,-0.3404919351206621
0,0.1972762597356293,0.7733253379950805
0,0.8879590256591885,-0.20989025830629426
0,-0.4372728623026841,0.10872981522744588
0,-1.108262414503946,-0.1576972608505809
0,0.560678121755313,0.31104177278339995
0,-0.8159921163160235,-0.14265053555034918
0,0.3711734488642642,-0.08119585972613988
0,0.34645270569791753,-0.25552085950597375
0,0.23126232085148904,0.25870494145224104
0,-0.00654053642844918,0.035789339886929866
0,0.29353356032023664,0.48372688733325
0,0.04431517629608257,0.26300447314772557
0,-0.4881050374786477,0.08392564685998458
0,-0.2861662437983675,0.35633195743962454
0,0.12588822653137527,0.1867822924975921
0,0.36603304643598844,0.49636238518725023
0,-0.11551821057879015,0.3427637869486244
0,-0.3298307645233158,0.642034324437134
0,0.2883737007267892,0.3748208507152313
0,-0.11685724639031436,1.145377386162741
0,0.8629766560590806,0.05015223683748543
0,-0.8064172237418816,-0.09971149868822432
0,-0.7595154144367358,-0.13424751496876836
0,0.8430528909234181,0.1671048898002031
0,-1.108675724582749,-0.20910775263894832
0,-0.428915045030537,-0.07529817775912892
0,-1.1102066804643866,-0.008339464045022504
0,-0.25145311258158726,0.153088164641196
0,-0.07703766890322625,0.36201637499926753
0,0.6783440972552807,-0.18641315021792842
0,0.1047950996348177,-1.1348395415099115
0,0.024632972222665472,0.49235833466084455
0,-0.8514506440032679,0.35467918276620247
0,0.6273427964346749,0.5789235444361304
0,-0.8257294654495259,-0.16136085762278451
0,-0.6317513742725156,-0.6580785098321978
0,0.03459724747429424,-0.27735619581167276
0,0.4911243784277953,0.8355367882682361
0,-1.3510799900212902,0.004947450419182986
0,-0.18478141583764052,1.1144690588630741
0,-0.5624924845331826,0.5440672084340924
0,-0.7634504927494015,-0.6375056391228032
0,-0.7568145810620093,-0.1680234665651429
0,-0.7419387874298913,0.11553672309007529
0,-0.34069688339470316,-0.8011143032394028
0,0.34249222277248625,0.5676751627407879
0,-0.0234506502464622,1.1557336262392488
0,0.3623392933756061,0.9595108234521865
0,0.48941948928651724,0.022411072198808918
0,-0.221969376665108,-0.6788821230846804
0,-0.08599892486569907,0.12746798376858637
0,-0.40329538981603297,-0.4886554110302166
0,-0.5036963946731104,0.43081395285605023
0,-0.7877746079228969,-0.2123889152213379
0,0.08597565658599982,-0.5979749233684237
0,-0.20214810306489928,0.1930249330177031
0,-0.9269661937654347,-0.02145889608280005
0,-0.7483972271769641,0.19720147135075955
0,0.7050738588041094,0.16394860559415098
0,0.3801119653584917,-0.7629515531274128
0,0.21705644391557838,0.20098375079873793
0,0.7238525605320986,0.32108599987853176
0,0.22396019108976029,0.702134497303136
0,-0.23676548492200877,-0.9898011517617717
0,0.4129110326985589,-0.9051447819868994
0,-0.8714061382281827,-0.38503848909568306
0,-0.9701647783624203,-0.04024939820173856
0,0.376452774690734,0.7481697624213811
0,0.12873775809525267,1.2614363995164957
0,0.6242011182483133,-0.34308483010375845
0,1.1937844493158407,-0.004368918234997077
0,0.33945437396060796,0.5475088381239491
0,0.2709931824787578,-0.8562978246185413
0,-0.8053357889428748,-0.540277021372036
0,-0.2297297993899186,-0.9080213409152712
0,0.3088844517982762,0.8137886934782452
0,0.1948269835048289,-0.735551955656851
0,0.20855919196248052,0.5460244018304465
0,-0.07064526395223797,-1.067321614431572
0,-0.3561542013103114,0.45182426127550235
0,0.40414384746503507,0.13555750550553852
0,0.9152855368159267,0.3041324681882735
0,-0.37361558406909057,0.08955623406327878
0,-0.17496832921899877,-0.37064924804906224
0,0.17010641469959747,-0.16340214235741465
0,1.1608808007226956,-0.1501135559893928
0,0.5409901983200447,0.06205420867221803
0,-1.1239943570907656,-0.01808441546908035
0,0.902832542264556,-0.2445429698024294
0,-0.5331732793806901,0.8785347842734623
0,0.05983067948533477,-0.382078952061429
0,0.8522729720452571,-0.3364179676469789
0,-0.8397679482464258,-0.30629124792630674
0,0.24804792633947165,-0.5691358140607627
0,-0.6200791636921883,-0.44815833144199907
0,0.5123869637206134,0.720759142271822
0,0.541227131482912,-0.46181464391545
0,1.2321295261924954,-0.04401161399705844
0,0.0271558896783195,-1.0967476386300687
0,0.3629140162693671,-0.2302129416122976
0,0.25081266773606303,0.0566169777795785
0,0.2881533659047258,-0.4172111477028747
0,-0.43077793297141564,0.2546332718795281
0,-0.3856487959562025,0.08840118230369026
0,-0.210703458162544,0.8242114609503823
0,0.9634914073933579,0.21245415509506732
0,-0.11945324337886987,1.2676205791675614
0,0.05715419721454679,0.28777286621021464
0,1.2356138117135351,0.025722886802966638
0,-0.13678453972702048,0.42835171968993013
0,-0.44457738227216803,-0.801425776280251
0,-0.261697344599684,0.06272598817240081
0,0.22212139566645753,0.21530272650927923
0,-0.14078805609451642,-0.197621198747844
0,-1.0899050569904185,-0.3149514532169452
0,-1.0514140040792344,-0.014312823492703686
0,-0.10860848868310688,-0.4388311907776242
0,0.5901426331286135,0.24509292740807423
0,0.2868815154739811,1.0519818923762925
0,0.6499641873660497,0.22674048561750854
0,-0.06793788515916072,-0.5541999695269931
0,-0.228104771995079,0.974894128808584
0,-0.9846725235111529,-0.36253979757395516
0,0.4159919103909717,-0.6276355547368818
0,-0.537128448217357,-0.3397648282622802
0,-0.7452780519008628,0.2536487556045909
0,0.19845652826848695,0.45277390734542194
0,-0.5665751016299909,-0.12769306018841092
0,0.46131916520529137,0.20552095393052677
0,0.6704099269496737,-0.5985381280872658
0,0.7890274264896778,0.35510657327701606
0,-0.9365751813679517,0.25726772772765466
0,-0.36336690545638517,-0.8215941535658935
0,-0.5341669365593468,0.20150516768487609
0,-0.035538615082566616,1.104663568244458
0,0.16903823341683313,-0.01905308253931834
0,0.31482214191270824,0.9057994292332973
0,-1.222706282054118,-0.11826425897348147
0,-0.6119364130851532,-0.5266759332927763
0,-0.1382151284430165,0.6020707959360136
0,-0.767140449850296,0.1570193082632524
0,0.37113071065547276,0.581990703814695
0,0.08924899063397135,0.8961185991099461
0,0.44012440923884855,-0.7085118540758311
0,-0.7838645767043297,0.1735953502725246
0,-0.05948065878090378,0.030293237221382788
0,-0.47754005441921377,0.5852410513907033
0,1.2487588923049406,0.055304049277357326
0,-0.2513338562592035,-0.3439179453907456
0,-0.33976940394478505,-0.22477655651746556
0,-0.45054460947436886,-0.5644116621204975
0,-0.25045042181866833,0.42357188277169544
0,-0.8142966071412859,-0.16803063147883296
0,-1.399557945102956,-0.012441847850290122
0,-0.3828179118504606,-0.18183369168080826
0,0.7097793162433417,-0.6724831745669345
0,0.27627004077144185,0.23553253813930186
0,0.1342862642740649,-0.09358598723456771
0,0.4114241860846892,-0.7896117084181266
0,-0.46079390166886014,-0.310905349634049
0,0.49417410712907683,0.21459714290038617
0,0.4297623085866076,0.14793833405058293
0,0.8411953363840894,-0.29730446292681967
0,1.0946349860696731,0.316866008347243
0,-0.9111184353105155,-0.06186598568467322
0,-0.6223857182083514,0.4118177018312454
0,0.366186869646624,0.8133115787265935
0,0.5992779341164387,0.8059718531867689
0,0.3583352658321227,-1.024228159520412
0,-0.3265367972330076,-0.1407587460290212
0,0.2673987738693498,0.5005003428818317
0,-0.7480137573141952,0.557869171560128
0,0.7497008311654882,0.40707158384604064
0,0.08683328663953091,0.4117834985322474
0,-0.7057302838150615,-0.44121930759959554
0,-0.47928713436236225,-0.9103480708457379
0,-0.6964022288091771,0.5450381522957307
0,-0.025997161323716433,1.130466216100758
0,-0.2612936342149084,-0.11035176634433685
0,0.7529459450484419,0.16597614391926635
0,-0.4093603328191949,-0.7873104617347255
0,0.015629413750909482,0.7351056455169669
0,0.6406085598597964,-0.5162612634781066
0,-0.7827205879782113,-0.5322110929402182
0,1.0096205753824619,-0.20883991880212965
0,-0.1975561907567579,0.7098525982219076
0,-0.31996484138566605,-0.36028459477678926
0,0.8351040468620023,-0.46308135944665907
0,-0.9788188929122004,0.1439229517743716
0,-0.802070561911428,-0.20363433436850592
0,0.5013019913147062,-0.25670624446293505
0,0.27533608412867533,1.0456893641105578
0,0.14535667125138899,-0.451134207456586
0,0.3234459241887323,-0.40655119835918624
0,-0.6069836990205635,-0.7478288845469631
0,0.3496641217107582,-0.870766603691497
0,-0.449254625475682,-0.2054637193429045
0,0.2616180522805001,0.46559498450973047
0,1.143105146093692,-0.04655724890948443
0,0.46714560462972965,0.2996432928323236
0,-0.5590304058504504,0.3187872702136142
0,-0.4498335844205376,-0.4494707796094643
0,-0.597924723538566,-0.14993568680799008
0,-0.5702007233646816,0.04104298673949802
0,-0.785719590178452,0.30288042443535806
0,0.06356039624845919,-0.19374646333268775
0,-0.10191625438125274,0.5370484173282155
0,-0.71244745473254,-0.34098600666584633
0,-0.12694592304109542,0.2742051268073972
0,0.24309352909646514,-0.08602789533988962
0,0.11568502920378626,-0.9425197910641079
0,0.9932471331716742,-0.12846465672698476
0,0.12135035532759955,-0.387123696249018
0,-0.16078899026821597,-0.19170655189450078
0,0.6553810420156083,0.04843558699381795
0,-0.27012215075065316,0.9835071778861137
0,-0.004191802201010925,0.25215968100956954
0,0.6593481493682909,0.34796389030464875
0,-0.6837098371359489,0.22589684216244793
0,0.20802690818359634,-0.6990516788787695
0,-0.18628110205807452,0.5341480734182739
0,0.08841893925132985,0.007475204364488737
0,-0.06057708427405112,0.021751765410359437
0,-0.29516008632194324,-0.2869931184246531
0,-0.6661980635450999,0.6640392778319862
0,0.32902080354234015,0.29911504950585655
0,-0.23860611748404123,0.532029990757358
0,0.008084901865151373,0.33668269476365625
0,-1.1945487313335799,-0.006392256092028092
0,-0.4123583276285461,0.9983172749077694
0,0.2547431295070909,-0.2659666547757927
0,0.3390995444694965,-0.9217478742073795
0,-0.17739917825862703,-0.1590054241116311
0,0.47070045164044505,0.06326882170797213
0,0.2501861333941257,-0.810913377827375
0,0.26026122353968983,-0.571899788321594
0,0.022382935192150066,1.2993284057486691
0,-0.42311909486437516,-0.5975241309299824
0,-0.417994625673699,0.17192473880953119
0,-0.057678320463036115,1.1468611134734883
0,0.7702234847898783,0.5749725801350439
0,0.09717420324672343,0.4219735953730879
0,-0.7197939943166588,-0.3342296526440511
0,-0.5415154700759002,-0.025343080507684523
0,0.5582825668077824,-0.8329417121131937
0,-1.2719635322623533,-0.018141662996656205
0,-0.2031833815722323,-0.5083819326440501
0,-0.02897448437521158,-0.29866719889770965
0,0.1045662710879894,0.3128263283796245
0,-0.042055351164961174,1.3553259132027162
0,-0.11643273173415825,-0.3323786782726032
0,-0.18163394236014724,0.8611284773377754
0,-0.5492780114817772,0.8489583233767185
0,0.9812792299677191,-0.18469711991851429
0,-0.9644784697875814,-0.2215081218987156
0,0.4109781338878101,-0.8541004471560842
0,0.16405981997736874,0.9986494172770592
0,0.002755869963373403,-0.12431603512190237
0,-0.30238065846296475,0.8055294937541337
0,0.0073871587051365095,1.3786550393169148
0,0.09053185473729347,0.4989075354049062
0,-1.2147024841932823,-0.17768424412374273
0,-0.13358930665635238,1.183361100769758
0,0.7057304269963165,0.46623436980174204
0,0.22807403854678931,0.28289779241458285
0,1.02452434554655,0.12570490704333154
0,0.4185729812629392,0.9678648307334803
0,0.5428475093543756,0.5340495044751747
0,-0.8526770312735104,0.2778765897987389
0,0.14353829768996512,-0.648389373391244
0,0.3874066558944167,-0.0854214621052393
0,-0.3049556451220832,-0.7901930339811543
0,0.36473816278984794,0.4457752265691845
0,0.48853131789131454,-0.7238780469979529
0,0.1399391899744742,0.9561520574640132
0,0.2626082669920774,0.4019999697012338
0,-0.6429310071410099,0.6194760535843601
0,0.3433956597285141,-0.3759207250974853
0,-0.6666180087031524,-0.08816755932294712
0,0.7717139199536671,0.5322836454499339
0,0.11359569889558473,-0.08477045903144309
0,0.43328506977320713,-0.722835202075718
0,-0.5816109054533721,0.4719287473190461
0,0.5581077494963553,0.08027663543228691
0,0.6845009859956287,0.2099788174910941
0,-0.605451500352371,-0.19768598556638758
0,0.21423552760003867,1.118973280172191
0,-0.5893955072293869,-0.2884964285722236
0,0.12576229612253503,-0.9579797237580936
0,-0.2890939091933746,1.1084118697275218
0,-0.3506349778798962,-0.639109638149212
0,0.373674683391867,0.410208542386028
0,-0.3326883028949305,-0.16844375314299803
0,0.9804901801574376,-0.04651977161141824
0,0.2380379197116145,-0.3152295812693439
0,1.023826908950933,0.11355359151958316
0,-0.13752661634198665,-0.7376489327455948
0,-0.055228813727887974,-0.2784046433086702
0,-0.5092237838881424,0.6983503608453577
0,0.6669374402939192,-0.03135885079610151
0,0.2924455714064543,-0.053074683117035934
0,-0.39929706979335805,-0.924080601273695
0,0.10930715360168039,-0.20012867702432793
0,0.6998688132839902,-0.6192321282504463
0,-0.12212867994807355,0.5405115365120531
0,0.5666103056566342,0.33129988338929406
0,-0.5590522498084993,0.13352741900307544
0,0.16044490050413035,-0.890978309109638
0,-0.39131756459347355,0.38365038150199865
0,-0.04407523190151841,-1.34150234646755
0,-0.03138783151373764,1.015391174641546
0,-0.25969875004603427,0.05952508847462347
0,0.6685288803470261,-0.6717770418983913
0,0.2585055478621949,-1.0792180759362084
0,-0.42918681650652457,0.19221964581488116
0,0.8333975651217468,-0.3684571931396759
0,-0.004342974328513743,0.3841435669198362
0,0.7468252158233883,-0.23227170834438432
0,0.46231626573284584,0.29456871531633705
0,0.4581062904691247,0.5004030802012139
0,-0.5182742605533881,-0.08966243094919055
0,0.4413446447429454,0.32729639107897934
0,-0.08866365385184921,-0.6059129996052068
0,0.35467323576889537,0.7082928393442723
0,-0.5446342203763815,-0.4158024789204968
0,0.0026660695840851623,-0.7454063606342458
0,-0.1487717937307344,-0.23371796790322075
0,1.0615932841030136,-0.10528278720543716
0,-0.20283792484572033,-0.34664585306790413
0,1.0859509687518378,-0.049541215216000856
0,-0.4088692592187474,0.9024740594920413
0,0.24798097312367537,0.6162659301668048
0,-1.1225434325547448,0.14199535668276125
0,-0.9544854417465655,0.1942996500466883
0,-0.2140836527516479,0.6465413884316915
0,-0.3374744560446936,-0.689088861264821
0,-0.9630233493987261,0.3946779942906465
0,0.663497664119351,-0.6040705724499273
0,-0.2541210044770572,-0.437125343066993
0,-0.09771352467271582,-0.13342008468357114
0,0.3563826790288812,0.5520286878009262
0,0.6332757162113949,-0.33296551597446256
0,0.28604671273626187,-0.483062204412117
0,-0.019024612095011717,1.1588076115643713
0,-0.19359188062301697,-0.051424494113380195
0,-0.8067589036384143,-0.0022973191033631712
0,0.5726604063956751,0.2934322309775659
0,0.055942128564756,-0.03833933313731471
0,-0.7489404274960337,0.4461154327137034
0,1.0810490528919776,-0.10613935228540516
0,0.0354416561415751,0.4491738303324053
0,1.0378943814948767,0.24406071040801475
0,-0.43309081752173206,-0.08497629454302341
0,-0.036330747903186356,-0.5764799349201257
0,0.45827890914274017,-0.7136116416367518
0,0.6210209597536841,-0.5810409949139037
0,0.08170735024403458,0.6004237110006443
0,-0.05323672108591404,1.183341774644795
0,0.5913664264369801,-0.4717621000606438
0,-0.04552060595907992,0.7542263097660947
0,0.15909001244295012,0.9751681895712832
0,-0.3923377833472778,-0.47150545050404313
0,0.6378587145321024,0.47643521731090843
0,-1.0005855845110627,0.29556631689546903
0,-0.16924752822096953,0.16870742504954817
0,0.3014095086973156,0.9096884668444577
0,0.36170754977966924,0.5126880923793014
0,0.06559519946696302,1.0378990939269812
0,0.2683635052981487,-0.27920361585542863
0,0.6906960319036148,0.04183236600884438
0,0.24128488303316073,-0.27420212740390154
0,0.8905487340782652,0.21940575636536985
0,-0.4081970706311183,-0.8115611398524415
0,-0.2814951063494138,0.8952955739238215
0,-0.3441674538761734,-0.5063844697205706
0,0.46671923271670535,-0.5791495488555282
0,0.24930902727770987,0.9565276258141002
0,-0.10980418136397185,-0.55626563344466
0,-0.6654016462460054,-0.6664847970996319
0,0.3254802010293561,0.7936672549806663
0,0.399821593177572,0.29430668941635074
0,-0.09404236560612406,0.6054664122081754
0,0.030814275663337068,0.24694955216570516
0,-0.160258584142703,0.30356437145569215
0,1.265997817981974,-0.07641649959054453
0,0.19564824310969708,0.21416539547082053
0,0.9923084060330151,0.3741962404155463
0,-0.8671094941774276,-0.1986109055010591
0,-0.6737681464648481,-0.32133216954397226
0,-0.527400908161086,0.7113018791216728
0,-0.0040128509982605975,-0.8123451696580071
0,0.3759099818152663,-0.7471990093545817
0,-0.3843305200753644,-0.5868461278736535
0,1.0706001553109212,-0.08886933222644283
0,-0.3179663191834172,-0.4666246964214911
0,0.6178714344343003,-0.6236640776601117
0,0.35703873021488886,0.4661564658901743
0,0.08399124338529881,-0.5140959434008547
0,-0.14773373662005573,-0.14048223056549072
0,1.1960956093254869,0.1548586840809063
0,0.2707383603836631,0.1452257244589959
0,-0.12985863911342976,-1.0412892761547865
0,0.6518096061849633,-0.2447982825250701
0,-0.5224865282158185,-0.7467615467014697
0,-0.042270552521155344,0.11759839650741949
0,-0.3390624132168911,-0.013684001796451128
0,0.11148228017105533,1.1036015693263908
0,0.7286781544967582,-0.005813650119252889
0,-0.7825993182527675,-0.11844907974495678
0,0.8050622462392352,-0.29324969206424184
0,0.22807785354095103,0.677726918304776
0,0.17609094723737445,0.5803101554672134
0,0.2632111409878266,-0.08030121020640606
0,-0.285865814550886,0.2133657654244604
0,-0.5187490581328007,0.7151655410081087
0,-0.5741230473386322,0.7086924581052214
0,0.42988509630014404,0.08155449712523538
0,-0.5027658931362051,-0.7732424692763763
0,0.7266988482116019,0.5985938119293174
0,0.6291173070601608,-0.28453051213837244
0,1.0419788009584672,0.20598429971833088
0,-0.4535559502677812,-0.6863959668698294
0,-0.7586077139469143,0.45217957461038294
0,0.5790963880089741,0.10705063181328409
0,-0.35880072804253527,-0.15132172438517077
0,-0.4068575811902621,-0.8322966522054918
0,-0.7942050425364309,-0.25851772993998645
0,-0.2955127061779144,-0.3073103483906512
0,-0.6944714898502283,0.1436435837851856
0,0.686826104979579,0.3130563258069457
0,-0.3455516593698674,-0.021007930146055592
0,0.2260914686974955,0.17873487997534776
0,-0.35747708192492256,0.5166795336521806
0,0.6662833501343242,0.27351495112876123
0,0.46025524701287807,-0.5052022577253945
0,-0.3778799170066556,0.3686141369761063
0,0.008433262832361413,-0.20085305317264474
0,0.8156061515822771,-0.09297494170461423
0,-0.9270927624938773,0.23084313565343734
0,-0.12212821665621373,0.2173517867300136
0,0.5527210121608782,0.274031046497626
0,-0.39276962802598503,0.46472282905281936
0,0.702252243064715,-0.2143174784384706
0,-0.999513697679373,-0.026901172066870593
0,-0.455583859056159,0.8067040923589512
0,-0.9493435335063187,0.43355195107386296
0,0.22143363281714323,-0.1863269763070213
0,-0.5154325649062841,-0.405840778319006
0,-0.30127489898307114,-0.5983865652656879
0,-0.9759670316204452,-0.3110090506524965
0,0.4475898569824083,-0.29514896035941846
0,-0.38305771656650506,-0.9302104571891331
0,-0.10088735828022466,0.8836617872151543
0,-0.08758385418920099,0.038202044768551296
0,-0.13119581296387636,-0.25358273755814303
0,0.312484898308494,0.9128760394481874
0,0.1468899953049203,1.1955287829476058
0,0.8464005869415341,-0.15746873110155485
0,-0.008636893572639304,-0.7122307427387654
0,-0.648074704157764,-0.6947889639627711
0,-1.0442113168300444,0.33549840473770587
0,-0.9509628157699004,0.0761174248751666
0,0.7063673268249266,0.24670853792151665
0,0.24522253927231208,0.4197377691978319
0,0.4085792063795524,0.4321687195743126
0,0.06014924091824858,-0.4580168154545574
0,-0.40009990445877697,0.7347330981360246
0,0.4639541374653305,0.24132073162793444
0,0.8397790801655052,-0.34250633287703025
0,0.1673049304474915,-0.09372817181516382
0,-0.20517863536540043,-0.3544326021782126
0,-1.006957320263685,0.056884358856632566
0,-1.030354893519788,-0.20129476269823438
0,-0.709925476936212,0.15329827685007613
0,-0.0824308880770156,0.08413442027461597
0,-0.30997432821873416,0.7103504947023277
0,0.16923721016810692,0.07430014317130915
0,0.2733725539439552,0.21190547664915316
0,-0.4619524372530619,-0.5629428298161769
0,-0.8140168378318182,0.01189519015218038
0,-0.2590442914846709,0.10021987678350057
0,0.877054701670544,-0.47835738683084594
0,-0.8289983147398429,-0.053135164705860716
0,-0.33644879077121514,0.21049927891473502
0,-0.5113353833604679,-0.45317962959734853
0,0.38723109739217987,0.7541100776599543
0,-0.3954806226006429,-0.4204207072509623
0,-0.15951373528560323,0.6484783221761158
0,1.11745272079343,0.2588800800968302
0,-1.1793854364687082,0.06016206231809884
1,0.5686217604926233,-0.6665827089384819
1,0.7996246255213644,-0.15036964251575285
1,0.18204808613908385,-0.20220238698297244
1,-0.21658962780618773,-0.896516865508165
1,-0.212673167729936,-0.18813865895241377
1,-0.2932874109971046,0.3922057358927824
1,-0.44816326428237285,0.9340338669990815
1,-0.5179996708566892,0.3734750483800169
1,-0.8636946326329524,-0.2398197466025923
1,-0.6142880518622077,-0.6782697271225859
1,-0.9049652611808057,0.21012297380935124
1,-0.247444415697408,0.338390342996334
1,0.4351298833571984,-0.5115257431023325
1,-0.619323964562568,-0.39831885279262635
1,0.3526696358928843,-0.10136033995138227
1,-0.16031386885008486,-0.9069327589803045
1,-0.7098566915597669,0.6711196104817758
1,-0.8578572222795764,-0.5425428423142548
1,0.10809828704767455,-1.281660698854734
1,-1.3847368719653725,-0.02683815537767953
1,0.33344768845739226,-0.455488171814542
1,-0.23252741192834775,-0.9664174985934364
1,0.4246847533579097,-0.5012828425844087
1,-0.009259663465274126,0.16073489866517007
1,-0.5779560400154771,-0.4595844637705132
1,-0.4014965747920019,0.33785339598322184
1,-0.7065394773020258,0.38786389819485373
1,0.9115274224315401,-0.12153227063711364
1,0.2850040210534328,-0.41334406646445654
1,-0.6572264946423239,0.6989810980233792
1,-1.3180519837190983,0.07160305708751324
1,-0.6809140447758997,-0.027396705990698267
1,-0.10145485536637422,-0.05534776625459566
1,-0.36055174787655164,0.8738508592445706
1,-0.7985471855287196,-0.22630385753353
1,-0.5953428994256564,-0.5130218871798663
1,0.887944897501638,-0.2947402713586873
1,0.6557751874872904,-0.2923186392257943
1,-0.6396176587838824,-0.2204372959601319
1,0.058286027777375,-0.17278136632173932
1,-0.4769203135099941,0.3230030750132231
1,-0.8084830281553029,-0.5334670775733117
1,-0.49831519249000866,-0.04898351907023679
1,0.17381007530060733,-0.9516315287006967
1,0.5225806406832891,-0.10567602926495154
1,-1.3240707954862838,-0.014411607032720375
1,-1.1131964918493826,0.29148692898691786
1,1.2019823895891524,-0.032837959310280995
1,1.3124029506150625,-0.03903862503969058
1,-0.1494028128483442,0.6004882237386793
1,1.0430965027949886,-0.19693233527100357
1,0.729994387439042,-0.3669776310106508
1,0.07263386541524403,-0.641277463096865
1,-0.8297950377965115,-0.2728693282502993
1,-0.7238631665744754,0.6097262150728051
1,0.9867650192506445,-0.18184806982046509
1,0.3742897712751123,-1.0091486679511892
1,1.2609037045203453,-0.15155193136290113
1,-0.11159047204971728,-0.6997862980450851
1,-0.26134817038435887,0.7527354491345293
1,-1.0656160752216524,-0.17115350737493984
1,-0.5821412621404082,-0.38861990550174064
1,0.006431830753028833,-0.5296148404330067
1,-0.07374663707578066,-0.09331822428447678
1,0.11067792780485725,-0.8909938409609239
1,-0.6396928918001468,-0.29189863460681786
1,0.2181857166503517,-0.5034202198609019
1,-0.01815430383036698,-1.1003601060097075
1,-0.25419833408537307,-0.9293570361992591
1,-0.49854554029904113,0.0075543313310128535
1,-1.0914978750023536,0.003494885989221319
1,0.25348072126994525,-0.2423294980742731
1,-0.9378861920267058,-0.46894864719060503
1,-0.13145140083573897,1.046991464717928
1,0.25744830940838415,-0.6779850814215175
1,0.0934402655367308,-0.8780125322326053
1,1.1960216285339262,-0.17513244765163394
1,-0.7838094697038822,0.09044240639585222
1,-0.6369764747745164,-0.042996004588823133
1,0.5617362713017993,-0.5963838981850634
1,-0.015493190522681388,-0.5821431531327433
1,-0.6110064260901404,0.775539027888808
1,-0.7126960877363326,-0.10156118392520991
1,0.036401317993821736,-0.6048365762156575
1,-0.025693290902303267,0.3578650627986154
1,-0.5021074217180171,-0.7873880423053614
1,-0.30677010541149397,-0.6850072759429544
1,-0.10345677099317208,-0.8894835521467036
1,-0.10892030203086919,0.5798698851612514
1,-0.5112969446312259,0.6840722681833037
1,-0.7798551349530473,0.6058547605933982
1,-0.08332500434721468,0.4544748549782145
1,-0.25350444903160135,-0.07665279808256782
1,0.090890245898757,-0.4095966038875035
1,-0.22699141346589052,-0.9777074175270721
1,-1.3499787850638372,0.007008955088125157
1,1.1210264420916922,-0.19753106822172184
1,0.8709554046926877,-0.4496076229726348
1,-0.2126707382386745,-0.7530962676722027
1,0.5686500820261869,-0.26378729977375165
1,-0.37894728052668986,-0.13350285702541287
1,-0.4607366326491944,-0.030492438327968663
1,1.0975035727336464,-0.13745542128717053
1,-0.11921320936739677,-0.6417865787619205
1,-0.5302638856966795,-0.214753020236601
1,-0.7790031184250052,-0.12787766403214623
1,-0.5058157588463781,0.769161053741769
1,0.39567224166674686,-0.8362555799401792
1,0.45696547761161543,-0.7577200861111051
1,0.39359289619452004,-0.8520280782278468
1,-0.03600886974275741,1.0774512664381888
1,-0.543442828469499,0.09441159065170235
1,0.3132126050176346,-0.18076064761153615
1,0.3920699502915819,-0.6626618613733686
1,-0.6914177204188346,0.29727067751310304
1,-0.3649213727181523,0.39292361974234374
1,-0.7191950702711238,0.12351036433510504
1,0.25028885620822183,-0.36801457843921853
1,-0.05795334090817428,1.0934759719493656
1,-0.5277121659651152,-0.261538507802866
1,-0.33053470367512533,0.6249378857105816
1,-0.11778586400993438,0.5533078117254779
1,-0.09221434092742822,0.48875952517557164
1,-0.37503198986795633,1.0249243205050806
1,-0.1746282899953085,-0.4879231854355083
1,-0.978049296208845,-0.012226014074159741
1,0.8986240283523959,-0.48816144893372515
1,0.18911018842959246,-0.1801127950252594
1,0.7196461510983688,-0.4459272921291604
1,0.11679853081790811,-0.49228930833245227
1,-0.5531469376064304,-0.022940429646512273
1,1.1808770219183962,-0.2103973563816584
1,-0.43035227248322405,0.8025352156225987
1,0.10278334083586471,-1.2610512276756398
1,0.6402443056899828,-0.5645623977759874
1,-1.1269808380451347,0.202240477684
1,-0.47682534718446823,-0.5359176351907879
1,-0.2850672995506643,-0.8521678267031162
1,0.8232111685418818,-0.5895235730222566
1,0.09743691271871768,-0.6199132034810321
1,-1.234710675835888,0.06877195892174726
1,-0.08496519331363672,0.8118246987515687
1,-0.9358372184151602,-0.40658047435175493
1,-0.2457186345450582,-0.772594487374844
1,0.3518350683747743,-0.4412917511438643
1,-0.3654530984009713,0.14165655297794055
1,0.4587354026431041,-0.6048214306468239
1,-0.08072935907298913,-0.2506984287775482
1,-0.31444789077479396,0.1809780866337157
1,0.260312619490987,-0.3730438727345954
1,0.15168956138565026,-1.2400372258114742
1,-0.01986986122763676,0.2317491019227736
1,-0.41765172779700216,-0.5699015272708289
1,-0.38227889769368845,-0.4991008424779907
1,-0.601709248907656,0.5955328138617775
1,-0.46257587417164703,0.7536132520491508
1,0.06879111817867256,-1.0862475616321463
1,-0.26788425983115477,-0.15231444841758823
1,1.1097850135591678,-0.10170737534523822
1,-0.189604594071486,-0.10564098671554015
1,-0.9792683532609909,0.2508006197061733
1,-0.5759753862392357,0.7264038548737015
1,1.2225426146209857,-0.12242311155874164
1,-1.314901567638709,-0.08055601383697408
1,-0.9183474897075172,-0.1632730548322195
1,-1.326838724370046,0.07334121388790271
1,0.19155291079770587,-0.8633417494312192
1,-0.4983860946143594,0.8080583709733108
1,-0.8275770810909759,-0.5031273646257847
1,0.4963704938705896,-0.19211548365307157
1,0.749724835141266,-0.353118620465605
1,0.625481557634475,-0.44442335080984635
1,-0.775929080023914,-0.21504043248660382
1,1.3635047826285347,-0.020603632194427512
1,0.6804485401820173,-0.5815106241878366
1,-0.7763326895335054,-0.33630976036566734
1,1.0539175341083142,-0.006229980445236705
1,-0.09592076519801707,-1.2244265718493712
1,0.625964032753494,-0.5442635418078474
1,0.1170610175111717,-1.142186401225854
1,-0.21829358467239396,-0.06489653961655535
1,1.0365942676115305,-0.2205431521050389
1,-0.20048262850267767,-1.1559771902818414
1,1.1024580007922475,-0.3083163497723186
1,-0.14645198884454128,-0.43766362303715683
1,0.3011639653195929,-0.26542608719484595
1,-0.2603407893715136,0.4718626793056994
1,-0.6095812777102321,-0.4162347104917229
1,-0.3021175273780039,0.6917676237584248
1,-0.27596618907818504,0.13211032689372665
1,-0.31711853578769916,-0.5128926092484335
1,-1.2387688724142807,0.08677948546823422
1,0.5798698351643696,-0.5144263049111676
1,-1.011135712008497,0.06284529392369398
1,-0.7422065589308223,-0.03316305972529737
1,-0.06859268030350785,-1.0459094127782385
1,-0.71940879143638,-0.19603249141971196
1,-0.13501596693736814,-0.042012639790482115
1,0.4181718090357144,-0.21193486106189902
1,1.280306897121313,-0.08171361497813812
1,-0.5841416976721399,0.7910444747752817
1,0.626823301613185,-0.40855950706088506
1,-0.45646430871781196,0.4645366384747221
1,0.7067152258134929,-0.09439558259043995
1,-0.2633860220033303,0.4452253655104087
1,-0.64625996333749,-0.557389681045863
1,-0.36191553898481643,1.008153385491416
1,-0.6041088897553218,-0.42644049829752095
1,0.26259564752160064,-0.5284488244177858
1,-0.7903314062665965,-0.08979363777334581
1,0.6642111944893317,-0.49484282899264564
1,-0.7471715146504295,-0.34926539194805184
1,-0.03779263777161764,-0.036577820400356204
1,-0.9215340340073471,-0.3660479763126054
1,-0.9129220504710649,0.34071118170810405
1,1.0981876519381455,-0.2261630029533438
1,-1.1472178010669187,0.009214618509124861
1,0.24597035467883704,-1.0100202400936373
1,-0.32757468195890604,-0.5384872950875971
1,-1.275869025519557,0.10872682453530824
1,0.5692376584746863,-0.8425712109411932
1,0.5134979123046269,-0.8010432287197322
1,0.7790748053978769,-0.21372760339898733
1,-0.217639930948474,-0.0200294826581823
1,0.08712605132156845,-0.5555418567890625
1,0.043356157103227586,-0.2868329997400779
1,-0.38259412812808447,0.0014908898932488313
1,-0.5770214257288699,-0.7628251373648337
1,-0.7961534516011481,-0.0981902482667823
1,-0.37330111208901595,-0.29502906234313675
1,-0.3675740813672559,0.6444160532273979
1,-0.17486719109619628,0.6098818444591885
1,0.17443252808463652,-0.10702965416644931
1,0.7702377961369049,-0.17331380884116837
1,-0.23782296461254088,-0.7057177821499401
1,-0.33889434480159564,1.0556313082047266
1,-0.16616715035348015,-0.3602262809903579
1,-0.8194246946880517,-0.17474425838476537
1,-0.13952974185824457,0.9046775028832705
1,0.30186209274054765,-0.30335277506202946
1,1.0990481322946868,-0.0684082978629309
1,-0.45495352357889673,-0.032675519463777086
1,-0.10203660958740035,-0.782837034798669
1,-0.5628035805847802,-0.47242743241570023
1,-0.2700422664466954,0.7674857848043732
1,-0.35614334780888335,0.7991263995909299
1,0.12585863035558253,-1.1658491884162343
1,0.8393898006555,-0.02812623753967769
1,-0.898122104910875,-0.24360188514778047
1,-0.6004628494199334,-0.6264365889166061
1,-0.3417759606080562,0.47761246628570353
1,-0.014276513560768977,-1.0474853398228499
1,-0.6856551865016649,0.34206911832149955
1,-0.42116307959960664,0.41814391990761784
1,-0.3382066845806606,0.09818052608810843
1,-0.7460195464997108,0.13011040585929756
1,0.3439985688722835,-0.7770679007245145
1,0.28892548060164763,-0.8398299312918477
1,-1.3438043755197686,-0.02198084949234569
1,0.43088313631824593,-0.26438007454654006
1,-0.9141601773657889,0.30014145554168886
1,0.9530490675777886,-0.0644582866669961
1,-0.10202904166288632,0.15343852119729517
1,-0.3185595371775102,0.8737954910788368
1,-0.4466512996600393,0.5937927619923552
1,-0.6787967759566307,-0.690289078121214
1,-0.1276259025837927,-0.6034767893829517
1,-0.5201214233965046,-0.5112031704665294
1,-0.6395412778475194,0.6443782328117655
1,-0.4474974631383205,0.8514345685160003
1,0.31579122463271875,-0.8192275611556289
1,0.03623424805656136,-0.3979094242277157
1,0.2170012949922029,-1.0129862811661843
1,-0.4833827794915197,-0.4844316382754319
1,-0.2788753482203209,-0.6778021001615202
1,-0.5046287668848546,-0.12062370218293592
1,-0.13951408069260302,-1.0444739840934356
1,-0.5595492203768992,-0.8354734730291108
1,0.7299792642821257,-0.03192350724870552
1,0.21192327136347014,-0.5788368003098183
1,-0.4437056832885655,-0.21294126444913353
1,-0.20697816344658715,-1.0518447978245582
1,0.10031993793151284,-0.8412814658894652
1,0.29444725402612115,-0.9118573326549495
1,-0.9141242886112412,0.42329935125119694
1,-0.06264569529904618,1.0895749444024423
1,0.1987306132410921,-0.8398391353552158
1,-0.03185319659409025,0.4685910382427726
1,-0.5484409464518452,0.2493487650342444
1,0.38238143696779003,-0.7061593361339755
1,-0.8470081377629897,0.5064582698191669
1,-0.9505449835405546,0.12750783231117857
1,-0.22523254182032704,-0.30397758732372426
1,1.177828161198493,-0.17870591102819144
1,-1.188038356573291,0.03552188909196752
1,-0.8681421645208076,0.13822950635375514
1,-0.2554796661969692,0.7009045608928077
1,0.32811541892487217,-0.5216221607283404
1,-0.6460790229625207,0.7376529208752796
1,-0.3334575244099546,0.40864170068320377
1,-0.07536139334034808,0.521758270845197
1,1.0273792798999422,-0.24176608331393135
1,0.7806566913262617,-0.008407387725658078
1,0.13888014570295548,-0.4283027650820287
1,-1.1501180607840906,0.16149627915914871
1,0.6003342530577384,-0.52676985247195
1,-0.29677794676908786,0.46033820586265434
1,-0.36224455758845203,0.026915237495306665
1,-0.6815769812547645,0.5119100447036917
1,0.7802583552398086,-0.07899904810810082
1,0.8423024548938094,-0.2717906764507181
1,-1.0863197557915318,0.1009808317983143
1,-0.5054523649060689,-0.09985640789027955
1,0.5900020126823292,-0.6674325705859561
1,-0.3174685783013417,-0.7353414575809323
1,0.28580527493813335,-0.47771704844127993
1,-0.22317656044607898,-0.7824664292753972
1,0.3394318619611089,-0.1853380801951987
1,-0.9787930460392574,0.058053946290616165
1,-0.3033391333027512,0.16156482816463602
1,0.9945915955250039,-0.2538769162088506
1,-0.7643885626168941,-0.4200363292256654
1,0.10862681266886538,-0.2879571392779837
1,-0.6040126231552844,-0.37669312389632936
1,0.4692985677956741,-0.442515486084511
1,0.23813925284749526,-0.40461771248467726
1,-0.2954756625199827,0.5408395525222648
1,-0.38731567630968344,0.8715466531997411
1,-0.12207909574510545,-1.1564392093480298
1,0.06305982443947801,-0.07695190958217897
1,-0.7842293728159626,0.5693595155731551
1,0.391037982384542,-0.6466048993449796
1,0.23455344675316186,-0.9640921484064275
1,-0.45638071045835926,-0.5164079490878346
1,-0.1356501135915723,-1.2348285418641578
1,-0.6117190552171662,-0.6164603339136728
1,-0.8100997588837257,0.1788575485619282
1,-0.6396408183397972,0.38006615415252043
1,0.09512290311684485,-0.6258746642065567
1,-0.2505646147008798,0.9058362169335488
1,-0.40575085207481254,-0.7399182848779317
1,-0.007470655824645289,-0.5860286780105468
1,-0.1736496767368837,1.2120586008832868
1,0.5376444042591515,-0.05647549496898144
1,1.2063102020775265,-0.1677200181980658
1,-0.9284860006686635,0.1931969069142354
1,-0.11568644462229957,-0.31003156710743307
1,-1.1936360261119323,0.026557336546260912
1,-0.11867961111591807,1.0416179773920975
1,-0.18700774816971333,-0.26066273435831366
1,-1.0748742537608111,0.0014225390540227867
1,0.7810036110972496,-0.06154711130900031
1,-0.18758052600537295,0.4787070353495625
1,-0.6169236442556338,0.4105686276374573
1,-0.35723971742117744,0.4455345641732531
1,0.25624879507558856,-0.9884957909595236
1,-0.4926038566664611,-0.19707527656778273
1,-0.9364349504551579,-0.08435166722897292
1,-0.049519831335647135,1.0005494710021943
1,0.01695997937189153,-1.2553715137656916
1,-0.8411243095145237,0.23630041540064695
1,-0.5380664659974017,-0.6365430825167869
1,-0.04469128346792128,-1.1652789646923427
1,-0.4306521465686977,0.6778118227655145
1,0.7173813243731559,-0.6049207934096609
1,-0.0230919954294673,-0.2677526107419009
1,-0.015668026668648527,-1.3583691947783425
1,0.7369119026517452,-0.4418277743637958
1,0.555877065632408,-0.2788578603654261
1,-0.7811917128879506,0.06579203982366116
1,-0.533971894528814,0.38341658679512913
1,-0.0691005164753634,-0.017178484513946643
1,0.744551484475551,-0.5731774860141433
1,0.7102661405764159,-0.05181466756151204
1,0.009045189322090683,-0.21876714122251578
1,-0.13383115910689786,-0.6403964534523768
1,0.02401243644958867,-0.9104502910179835
1,0.47619521154380207,-0.46875018672294283
1,-0.1587072784739023,-0.5845483064017292
1,-0.9638372349716894,-0.428278853192044
1,0.8611730174035002,-0.4933244665652782
1,-0.3104421983742186,0.5540244078575829
1,0.6959174126066769,-0.07186000456458952
1,0.2809483183548247,-0.7212073155150843
1,0.8092605185577926,-0.3433551814794921
1,-0.6865618701038099,-0.21194358032426805
1,0.23341989770506133,-0.9136666843961381
1,0.13218090921791534,-0.39452331632531545
1,0.1976416146746875,-0.30650424183341085
1,1.056504176318354,-0.3499266284823939
1,-0.06615894188724059,1.2924687353059439
1,0.14081663546762763,-0.6438311357079558
1,0.8115096572388674,-0.37726653587355585
1,-0.19023180553404972,-1.0330662334220428
1,-0.7760523918346179,-0.4418328732682477
1,-0.2705704770501405,0.604843200438449
1,-0.13652081276962946,-0.6094768651373764
1,0.4564981536808889,-0.23697788811108622
1,-0.336494828334837,0.7478678928725448
1,-0.22827850669501074,0.5330293283614694
1,1.3757138403672386,-0.0060917633225701096
1,0.2692114319430731,-0.8572344960431932
1,-1.3022508381670637,-0.03379789804970823
1,-0.1677819796795838,-0.8147930961768677
1,0.11381748795468569,-0.24634264511464005
1,-0.6992641464430851,-0.27867213949328584
1,0.9025864539963596,-0.3256885243384358
1,0.15439136330489536,-0.21289596138970895
1,0.4703913075878248,-0.5286920010538887
1,-0.36726080795056404,-0.3765185374719705
1,-1.1615418192435514,-0.07155597733200436
1,0.18062086999525656,-0.1023317362655851
1,0.4139978881501092,-0.6564810174538734
1,-0.6930156657590806,-0.2648624992594041
1,-0.029166208895985264,-0.0407982508490599
1,-0.10929268505463419,-0.6231037640054953
1,0.43986158807582687,-0.8179416798773387
1,-0.6612616991780189,-0.6781573368468564
1,-0.5409244528425529,0.3902283336531902
1,-0.6846152977279781,0.3503608020673592
1,-0.23069071503458927,-0.362974351006346
1,0.9009499277816908,-0.02156513056951126
1,-0.1251191555535197,1.2220428596672814
1,-0.59170553424324,-0.08737694312041239
1,0.9318069544620755,-0.28024449008833613
1,-0.1792913530719007,-0.01998929589928755
1,-1.013112490077579,-0.29222874887867356
1,-0.7284203336272591,-0.485535805491624
1,0.08262533716665876,-0.5925720882476424
1,-0.5488508685569796,0.6531385478267753
1,0.13630361743094743,-0.4162724540696046
1,-0.129096687858001,0.6502325199361807
1,-0.05725223783782505,0.10828925482815419
1,-0.23286505198808005,1.0287558138323007
1,-0.3442196485206212,-0.664642482470957
1,0.11797995526877274,-0.303093211582108
1,0.15596083490647095,-0.9591552604544662
1,0.19917191897986328,-0.18873407114426483
1,-1.1822112922908643,-0.13678078630709023
1,0.2764548293803217,-0.6846169037600175
1,-0.2273202864034428,0.14650486483206016
1,-0.42252199309324645,-0.8305275205400787
1,-0.3408815147796176,-0.4428821344703081
1,1.2042890300186841,-0.03598191919952276
1,-0.5369639250533146,0.2277051149671084
1,-0.4015308725469996,0.2585412413329727
1,-0.34491011412072214,-0.7735444320930847
1,-0.028875097977461572,1.23792244604302
1,0.11976971893679461,-0.8426987339097899
1,-0.36089424164544975,-0.08071224643777822
1,0.005100055719809753,-0.1099587521519982
1,0.6218125836258868,-0.33385067195941204
1,-0.6860249950685389,0.41598428244148156
1,0.32033360335901984,-0.9652347331139588
1,-0.035251641204277595,-0.9832196134981048
1,-0.534656877425322,0.8136091961726423
1,0.706687801804311,-0.23669177672052327
1,-0.3266985471377319,-0.47850404599586427
1,-0.10976498057828399,0.7996393942927663
1,0.5053926402993499,-0.7928954987111969
1,-0.1701725327098264,0.5893460049942241
1,-0.4082673431177971,0.3270428139758398
1,-0.6816369855510045,-0.4048368869641475
1,0.3644176503107929,-1.01838199637858
1,-0.02732778298166344,0.35976150963754344
1,-0.04662210996286817,0.03970374436243055
1,1.1035780368552843,-0.1262775704727367
1,0.14284078681798185,-0.6809820142639061
1,-0.14700205029783942,0.2159824701403356
1,0.24495172663295106,-0.3557944775604063
1,-0.2804301377263906,-0.7909470719320899
1,-0.398029893171248,0.9104019871269206
1,0.24911520593080266,-0.010275506096610376
1,-0.16865673691172875,-0.32471676451641635
1,-0.1943436545831554,-1.155433355024741
1,-0.30531826944719553,0.04057960551419365
1,-0.6090895822804718,-0.44110859028710514
1,-0.8042957739943192,0.6054775335663731
1,-0.3883638411609076,-0.7400121522243969
1,0.9965705925196842,-0.33517482442512014
1,-0.8907159475739317,0.19105336475395607
1,-0.43756560077885237,-0.41433967045212616
1,-0.5293805199331851,0.03482969475708092
1,-0.34653923522494845,0.1781413040842562
1,-0.3361994842376179,-0.5880395412163826
1,-0.368367911228063,0.009346037791680584
1,-0.5702288803814353,0.28813057892608096
1,-0.6856375033118357,0.02985999417369034
1,-0.5502730227150454,-0.7189667157155865
1,0.7198560633283386,-0.020303567349431784
1,-1.0077511550320952,-0.21921868262889005
1,-1.0383619255378145,0.2585118505037241
1,-1.1459702947009163,-0.23414372559046698
1,0.6010712830583113,-0.5094126845076099
1,-0.47569138377352915,-0.1863887337123169
1,-0.32473310110560727,-0.6876820698091635
1,0.2128517770910638,-0.8861163829455544
1,-0.007684008714999524,-0.4108529050348413
1,0.30170230118541924,-0.35735239893361204
1,0.8684007133807135,-0.14412405090760017
1,-0.09306483976297975,-0.5957978205825734
1,-0.5048163470935356,-0.7748175983944948
1,-0.1050455777620114,0.3174737189538345
1,-0.05242316303040617,1.0810847923473546
1,-0.7016020704746149,0.2993240982550821
1,0.33865577053451057,-0.3018347095711185
1,-0.5601668320218559,0.5554121775385328
1,-0.4359614962132786,-0.8781648527813584
1,-0.1442515697116345,0.9442549808765739
1,-0.78872634564528,-0.2745934359733078
1,-1.2058871016038968,-0.18770525994196552
1,-0.5564227375638253,0.3998333315537522
1,-0.28098628183204416,0.2684258474226701
1,-0.20434647603033645,-0.11474977568112273
1,-0.7334039618020463,-0.32883487387279364
1,0.19249759919052906,-0.11344423624388697
1,0.8818591372595748,-0.472952751769196
1,0.8735788452708103,-0.3427267706303068
1,-0.2667856983736465,0.669344678998204
1,0.033055584120532666,-0.04274588394416348
1,-0.20129857494384532,0.46227485822780423
1,-0.5623142488356689,0.6406748344685271
1,-0.1780768847449902,-0.4217283507256039
1,-1.01136621451551,0.07552145561386275
1,-0.044439154763726396,1.2243728034065342
1,0.07491111382415738,-1.3172935823798677
1,-0.828224477572473,-0.19794856088314
1,-1.270794594173419,0.011155209102179264
1,0.5385975160615273,-0.39031579285503304
1,-0.19852424319248782,0.599039659820805
1,-0.7119321786247681,-0.5800610225456483
1,-0.3027777255501968,0.07219821584245428
1,-0.463339543240566,-0.9226424457705042
1,0.12946327417082673,-0.5176056563165086
1,0.028261263745633092,-0.9268166562278155
1,-0.053963790944433265,1.1489760833667009
1,0.7879234354957647,-0.6009236182040971
1,-0.5585131762531824,-0.4080546659769038
1,-0.011568029846046893,-0.03899319134984048
1,0.46792798597564406,-0.3151645409980359
1,-0.25322921742392784,1.0339670099167204
1,-0.9417617737625184,-0.46370543852046514
1,0.2807439269211992,-0.6456873033368202
1,0.09170162839187884,-0.3851603288856907
1,-0.32936217272093604,-0.5219219127767923
1,0.4622315999820912,-0.5851870582829347
1,-0.2221232162599195,-0.8802980510714682
1,0.9135632907488327,-0.3155697310382407
1,0.2582497848554704,-0.7259641962243639
1,-0.33246005094093584,0.39526102204836466
1,1.2744420541521277,-0.05726984796980872
1,0.5895292780186379,-0.28217231979327717
1,-1.0367108492993518,-0.20921558036469812
1,-0.9250590441889863,0.055281393657139244
1,-0.23204196716381378,0.6991410200349293
1,-0.2050473960342824,0.36863842365788224
1,-0.28698444245813004,0.8724455648141876
1,-0.040541641510101756,1.3657930378772853
1,-0.5131563126334472,0.15225252265617842
1,-0.14152033560363186,-0.18720044944719064
1,0.36487954452652227,-0.03582666769650736
1,-0.013336127180154811,0.7138949728597297
1,0.6427484757400048,-0.5842684097164675
1,0.8432965745915566,-0.23644382468539155
1,-0.7806936128908071,-0.2670577263965126
1,0.6960867270426722,-0.6561662382569582
1,-0.590754275233213,-0.5585477178293807
1,-0.8431055194086083,0.002677119185793886
1,0.7410528938840726,-0.5280747164400971
1,-0.6051136858924924,0.6025499239090696
1,-0.6033862294660761,0.48647102587221575
1,-0.31606830015887805,-0.8786815326824944
1,0.49000606520046314,-0.38753111805038315
1,-0.3386988745112692,0.47127870954419204
1,0.686359395134498,-0.18122369941943373
1,-0.18131729992783396,-1.2325926255290476
1,1.0328381980470351,-0.19696962063438145
1,-0.11658569727351864,1.2331924249493782
1,-0.6731162899251895,-0.048187949199553104
1,-0.4602283136571167,0.3348859276682872
1,0.6724659377090565,-0.23146668189034084
1,0.18877202104768917,-0.0683294753654957
1,-0.002305174742088245,1.11834963387725
1,-0.6434339258927724,-0.7191157447219301
1,-0.1043700839437779,0.10826761294028295
1,-0.22244952240962027,-0.5535443514787672
1,-0.15958828273467313,0.4824025554123459
1,-0.024329950540939227,0.882827696114518
1,1.1323252661644512,-0.2629226532266496
1,0.4328391252590439,-0.379457592817051
1,-0.7750234899764123,0.4013831119656034
1,0.763624296461461,-0.6139644173925599
1,-0.22223974212566402,0.38187588346056855
1,-0.9308013410143683,0.31427122839466537
1,-0.13912362570027725,1.2708287048955935
1,-0.6457185141810143,-0.27862833509664775
1,-0.21803961304957592,0.41813412047831894
1,-0.1607284975596179,-0.028297986279594844
1,-0.6175657308748392,-0.7390301116283394
1,-0.7596807497924865,0.41545338142981914
1,-0.32555658422780726,-0.2797526796628207
1,0.7789952100916353,-0.6122831115310424
1,-0.01039429028477623,0.6376391765946495
1,0.3575901559498393,-0.8438276699020103
1,-0.8398538259104165,0.024456840413188408
1,-1.0764021234304502,-0.26353406503047827
1,-0.14949887031637277,-0.8538817514071484
1,0.45685264566677225,-0.40983320186268557
1,-0.21535921091842247,-0.2798790927667459
1,-0.24238926093919771,-0.32859266476868076
1,-0.029453810516503053,0.08139790074548076
1,-0.4617079180239033,0.12634235346944206
1,0.03082189918669692,-0.6640669831378041
1,0.37836510814621693,-0.29616566542477224
1,-0.2721915669197129,0.9903781875384521
1,-0.19583032238739406,-0.9780019203704935
1,-1.0763028110732777,0.19741228410367395
1,-1.0870237919735073,0.058884569819892096
1,-0.3101950807144767,0.08216064268979782
1,-0.5092656325570718,0.48568247530645275
1,-0.38430434012212794,0.8674690218547728
1,-1.0893306465017654,0.008421039895570526
1,0.3137693989782775,-0.5949831585559882
1,-0.9310322996445368,0.28875542055988224
1,1.0317115691755927,-0.05944221561720081
1,-0.04692192888372382,-0.7705273093711232
1,-0.8049153305707667,-0.42184144489348935
1,-0.770984358759917,-0.34279991699569917
1,-0.9679565373422645,0.2535731623788182
1,-0.5610469872058614,-0.4020911563794156
1,-0.8228329582445113,-0.08563598371598835
1,-0.3228524557502308,0.747211925858457
1,-0.2884147624726698,0.38256386678576715
1,-0.2776848322859995,0.3245879602209041
1,0.8658600787642066,-0.2961209772552662
1,-0.39545970531249164,-0.2513114595387326
1,-0.1369357243469933,0.20594664356358625
1,-0.5932482024771979,-0.7561782937284034
1,-0.005010348846982926,-0.5624786974086373
1,-0.3667607387650735,-0.4163933358748977
1,-0.12651366649797235,1.2296183955585804
1,0.23277433516963553,-0.09467524126270498
1,0.11367268321114177,-0.9133486633898691
1,-0.4959456195020199,0.13773973192363864
1,-0.11975054483634345,-1.1183492070831373
1,-0.12363722918346891,0.24951439604772535
1,0.4083094454256124,-0.7644560248595555
1,-0.9263929470857363,0.1450786873633469
1,-0.39087168734281985,0.5318983961517517
1,0.09549329259798678,-0.7404647826136225
1,0.29280314794457735,-0.565066664055871
1,-1.0414889197723558,-0.16074752320333913
1,-0.5561712387042326,-0.026774667708627964
1,0.6518775067515311,-0.40454828910866303
1,0.1889094817625867,-0.932359811934425
1,0.3655230066462827,-0.4069156380166214
1,-0.25449236706497647,-0.3267072338936749
1,-0.7187219473532945,-0.6640566050224443
1,0.3507689170368378,-0.8367386780084553
1,0.8171194987309871,-0.24095896764233543
1,0.9179776637009955,-0.033080423425380645
1,-0.13898631669304884,1.1741024860396942
1,0.2638347839785833,-0.7737506796532084
1,0.258848852192231,-1.0861408728648363
1,-1.180129397684043,-0.010912259676086333
1,-0.0744927432281216,0.8967957864484646
1,0.2641891776721296,-0.21438065723887986
1,-0.5401582950945885,-0.5639991111152437
1,-0.7820056981355772,-0.036699016712296195
1,-0.8297912387846537,0.31458628247726333
1,0.746388400025359,-0.029412256531305192
1,-0.27521055577578646,-0.5004124634463033
1,-0.06158124262217807,-0.8634053274757171
1,0.2199564110251693,-0.26905900876512834
1,-0.8472474907217049,-0.470505979867478
1,-0.49104687226723875,-0.15294021065150215
1,-0.2657521106857881,0.14184207868645227
1,1.0284031148632293,-0.014772660857384379
1,-0.7083297114928541,0.13914315758956597
1,-0.24650996739926306,-0.22698402373421
1,-0.4051447000064067,0.7163031018883144
1,-0.4592103283771437,-0.6887885656321897
1,0.6883213621604514,-0.5742827759827032
1,-0.881021552408585,0.13552330904264698
1,-1.1687600368417308,0.22023477290418364
1,0.823309091247183,-0.07768553044768806
1,0.22320318324497568,-0.7879636139335909
1,-0.19944910559297496,0.5080236924585978
1,-0.24986755075409706,-0.5944571726750407
1,0.03358077334609222,-0.6962666217896409
1,0.9095889830062162,-0.2622143601278302
1,-0.014680818038709131,0.28749752689824537
1,0.6639707906019012,-0.1765682673759043
1,-0.5012591082450739,-0.2843005318826101
1,-0.5800088091804851,0.3546448548520029
1,0.30397366701640327,-0.47473269695008913
1,-1.1186305645937136,-0.22810562049549699
1,-0.38113238329419885,0.36164591468233387
1,-0.21901402300579637,-0.7490131374876241
1,-0.16885465906203584,-1.1405727514977821
1,-0.2890683748991819,0.47115727693398124
1,-1.2444481160011502,-0.03376269469417159
1,0.06473235973812688,-0.1408045096291679
1,-0.4507103371786777,-0.5755731220173271
1,0.16226041934304775,-1.0760454094769836
1,-0.5153120907261117,0.15033125610074863
1,-0.1907051730155619,-1.1855281045418153
1,0.1396394332295774,-0.6726403948864601
1,0.43614549675029585,-0.6997893763406688
1,-0.1822771994876598,-0.8648077425909863
1,1.0978460696096433,-0.3158058922569606
1,-0.7872952267323864,-0.5043774155923829
1,-0.7951495678589217,-0.08526443188268101
1,-0.2685855795672632,0.7885349947125178
1,0.6176398548128815,-0.6674441312301678
1,-0.957815971481247,0.3071301637579407
1,1.0535686380502065,-0.15425027308950706
1,-0.005625800395589853,0.6806603018795467
1,1.0031087248341777,-0.0861010805470857
1,-0.41509907902266935,0.22288314871710282
1,0.1356000257301208,-0.34299571855747735
1,0.11323281177101996,-0.4784363253033015
1,-0.15452929567824897,-1.0524609568922418
1,-0.2968362472683184,-0.578676041100165
1,0.22358358277037327,-1.0244466536415315
1,0.056340201576732474,-1.3431030283219478
1,0.013477821366809972,-0.5513787721410145
1,0.4921867060013786,-0.18401889041983502
1,0.5638103083740158,-0.6503535260943939
1,1.0961098810646983,-0.05257974008861377
1,-0.058828540977620025,-1.1421861763614811
1,-0.5306503091556308,0.7121790760688865
1,-0.07377253916164074,-0.004189296529358157
1,0.45633936807778236,-0.3408252836404445
1,-0.1462183249774398,1.1780055773401927
1,1.0076365503422666,-0.17111911298433813
1,-0.2523071632860189,0.26561328971137793
1,1.2029258421178692,-0.12095229141616237
1,-0.22778918297985487,0.5238989867447498
1,-1.0492451717510347,-0.013641929003233466
1,0.47266532540549555,-0.1595448732885102
1,-0.46921280590016695,-0.7630055192712407
1,-1.0725551505652824,0.1199143678839612
1,-0.3622719638036966,-1.0485571863277978
1,0.4879300370850792,-0.10018376563525333
1,-0.7124607615824282,-0.37551507671508183
1,-0.1461199306184467,0.9378266121726784
1,0.41518928376597924,-0.5665361896956868
1,-0.6961827530768788,-0.6047722435388263
1,-0.9585311894738713,-0.3581762829304891
1,-0.4177733797766727,0.26040738495479887
1,-0.7805969403989225,-0.02727046807535738
